,sales,dow,promo,date
0,8165.73,6,False,736330
1,6230.86,0,True,736331
2,5226.25,1,False,736332
3,5264.62,2,False,736333
4,5482.6,3,False,736334
5,5516.89,4,False,736335
6,8597.9,5,False,736336
7,8402.0,6,False,736337
8,5603.58,0,False,736338
9,5393.4,1,False,736339
10,5798.25,2,False,736340
11,6868.68,3,True,736341
12,7382.89,4,True,736342
13,18561.37,5,True,736343
14,8887.029999999999,6,False,736344
15,6745.4,0,True,736345
16,7518.73,1,True,736346
17,5094.17,2,False,736347
18,5958.84,3,False,736348
19,5141.67,4,False,736349
20,8811.58,5,False,736350
21,18063.22,6,True,736351
22,5885.32,0,False,736352
23,6930.03,1,True,736353
24,5878.82,2,False,736354
25,5379.67,3,False,736355
26,5894.13,4,False,736356
27,8153.9,5,False,736357
28,8883.6,6,False,736358
29,5185.76,0,False,736359
30,7286.88,1,True,736360
31,6761.76,2,True,736361
32,5744.0,3,False,736362
33,6935.38,4,True,736363
34,8675.17,5,False,736364
35,8568.560000000001,6,False,736365
36,5671.02,0,False,736366
37,5673.67,1,False,736367
38,5626.82,2,False,736368
39,5411.99,3,False,736369
40,5858.37,4,False,736370
41,8297.36,5,False,736371
42,8889.7,6,False,736372
43,5384.54,0,False,736373
44,5847.28,1,False,736374
45,6953.59,2,True,736375
46,7301.07,3,True,736376
47,5381.79,4,False,736377
48,8690.189999999999,5,False,736378
49,18526.989999999998,6,True,736379
50,5890.37,0,False,736380
51,5542.03,1,False,736381
52,5851.55,2,False,736382
53,5521.32,3,False,736383
54,5879.33,4,False,736384
55,18391.79,5,True,736385
56,8866.16,6,False,736386
57,5430.53,0,False,736387
58,5908.29,1,False,736388
59,6994.67,2,True,736389
60,5603.92,3,False,736390
61,5475.93,4,False,736391
62,18657.7,5,True,736392
63,8645.59,6,False,736393
64,5417.61,0,False,736394
65,5359.24,1,False,736395
66,5453.42,2,False,736396
67,5432.46,3,False,736397
68,7104.04,4,True,736398
69,8633.54,5,False,736399
70,8577.42,6,False,736400
71,5693.12,0,False,736401
72,7110.18,1,True,736402
73,6841.31,2,True,736403
74,5705.45,3,False,736404
75,5359.2,4,False,736405
76,19174.92,5,True,736406
77,18519.09,6,True,736407
78,6072.94,0,False,736408
79,5118.47,1,False,736409
80,5912.12,2,False,736410
81,5145.64,3,False,736411
82,6078.54,4,False,736412
83,8112.95,5,False,736413
84,8597.46,6,False,736414
85,5319.78,0,False,736415
86,5652.31,1,False,736416
87,7071.4,2,True,736417
88,5642.11,3,False,736418
89,6857.32,4,True,736419
90,18842.32,5,True,736420
91,18313.04,6,True,736421
92,5889.84,0,False,736422
93,5271.42,1,False,736423
94,5902.29,2,False,736424
95,5251.69,3,False,736425
96,5681.66,4,False,736426
97,18380.09,5,True,736427
98,8483.74,6,False,736428
99,5497.72,0,False,736429
100,7132.27,1,True,736430
101,7008.48,2,True,736431
102,5545.63,3,False,736432
103,5562.38,4,False,736433
104,8620.220000000001,5,False,736434
105,18426.07,6,True,736435
106,5314.34,0,False,736436
107,5679.72,1,False,736437
108,6995.32,2,True,736438
109,7103.74,3,True,736439
110,7093.44,4,True,736440
111,8285.98,5,False,736441
112,8863.76,6,False,736442
113,5171.06,0,False,736443
114,5802.73,1,False,736444
115,5133.38,2,False,736445
116,5915.92,3,False,736446
117,6956.88,4,True,736447
118,8791.310000000001,5,False,736448
119,18284.95,6,True,736449
120,7218.19,0,True,736450
121,5271.56,1,False,736451
122,7284.93,2,True,736452
123,5661.02,3,False,736453
124,5722.4,4,False,736454
125,18271.45,5,True,736455
126,18444.95,6,True,736456
127,5724.24,0,False,736457
128,5389.8,1,False,736458
129,5690.87,2,False,736459
130,5332.73,3,False,736460
131,5773.38,4,False,736461
132,18398.07,5,True,736462
133,8569.529999999999,6,False,736463
134,5134.31,0,False,736464
135,5551.6,1,False,736465
136,5293.6,2,False,736466
137,5558.78,3,False,736467
138,5212.89,4,False,736468
139,18432.63,5,True,736469
140,8304.5,6,False,736470
141,5711.61,0,False,736471
142,6983.82,1,True,736472
143,7236.67,2,True,736473
144,5495.26,3,False,736474
145,5839.86,4,False,736475
146,18313.05,5,True,736476
147,8736.0,6,False,736477
148,5306.22,0,False,736478
149,5626.24,1,False,736479
150,6756.35,2,True,736480
151,7270.18,3,True,736481
152,5363.44,4,False,736482
153,18882.19,5,True,736483
154,8322.66,6,False,736484
155,7150.99,0,True,736485
156,5305.25,1,False,736486
157,5651.54,2,False,736487
158,7062.0,3,True,736488
159,5366.47,4,False,736489
160,8668.7,5,False,736490
161,18385.02,6,True,736491
162,7147.78,0,True,736492
163,5663.83,1,False,736493
164,5643.42,2,False,736494
165,5378.69,3,False,736495
166,5749.86,4,False,736496
167,8227.08,5,False,736497
168,19047.95,6,True,736498
169,6706.31,0,True,736499
170,7659.72,1,True,736500
171,6475.81,2,True,736501
172,5937.31,3,False,736502
173,5044.62,4,False,736503
174,9045.99,5,False,736504
175,8478.79,6,False,736505
176,5572.39,0,False,736506
177,6692.1,1,True,736507
178,5584.76,2,False,736508
179,6997.21,3,True,736509
180,7405.83,4,True,736510
181,18393.38,5,True,736511
182,8912.6,6,False,736512
183,7067.65,0,True,736513
184,5741.21,1,False,736514
185,7372.5,2,True,736515
186,5457.35,3,False,736516
187,5748.95,4,False,736517
188,8215.14,5,False,736518
189,18713.760000000002,6,True,736519
190,6617.51,0,True,736520
191,5894.54,1,False,736521
192,5116.08,2,False,736522
193,5645.18,3,False,736523
194,5352.58,4,False,736524
195,18798.88,5,True,736525
196,8328.060000000001,6,False,736526
197,5571.06,0,False,736527
198,5487.42,1,False,736528
199,5455.29,2,False,736529
200,7197.43,3,True,736530
201,5334.38,4,False,736531
202,18635.62,5,True,736532
203,8563.14,6,False,736533
204,7193.53,0,True,736534
205,5300.73,1,False,736535
206,5736.05,2,False,736536
207,6946.36,3,True,736537
208,5881.89,4,False,736538
209,8464.48,5,False,736539
210,8652.26,6,False,736540
211,6865.54,0,True,736541
212,7313.64,1,True,736542
213,5376.78,2,False,736543
214,6238.32,3,False,736544
215,6676.31,4,True,736545
216,8916.66,5,False,736546
217,8142.86,6,False,736547
218,7516.81,0,True,736548
219,5266.89,1,False,736549
220,7396.51,2,True,736550
221,5150.7,3,False,736551
222,7388.85,4,True,736552
223,8080.53,5,False,736553
224,18744.65,6,True,736554
225,4804.83,0,False,736555
226,5697.66,1,False,736556
227,5261.84,2,False,736557
228,5849.16,3,False,736558
229,5223.84,4,False,736559
230,8888.16,5,False,736560
231,18191.35,6,True,736561
232,7635.8,0,True,736562
233,6500.26,1,True,736563
234,6288.72,2,False,736564
235,4955.42,3,False,736565
236,6100.86,4,False,736566
237,17988.4,5,True,736567
238,8881.74,6,False,736568
239,5080.39,0,False,736569
240,7208.66,1,True,736570
241,6879.97,2,True,736571
242,5664.44,3,False,736572
243,5390.54,4,False,736573
244,19002.64,5,True,736574
245,8261.8,6,False,736575
246,7493.99,0,True,736576
247,5140.61,1,False,736577
248,5966.27,2,False,736578
249,6605.47,3,True,736579
250,6040.43,4,False,736580
251,8209.869999999999,5,False,736581
252,8772.310000000001,6,False,736582
253,6625.58,0,True,736583
254,5711.35,1,False,736584
255,5289.74,2,False,736585
256,5619.5,3,False,736586
257,5392.72,4,False,736587
258,18335.97,5,True,736588
259,8604.529999999999,6,False,736589
260,7007.37,0,True,736590
261,5364.29,1,False,736591
262,7090.0,2,True,736592
263,5157.83,3,False,736593
264,7561.41,4,True,736594
265,7889.35,5,False,736595
266,8957.91,6,False,736596
267,6515.96,0,True,736597
268,6188.6,1,False,736598
269,5147.61,2,False,736599
270,7584.34,3,True,736600
271,6545.09,4,True,736601
272,19118.37,5,True,736602
273,17910.94,6,True,736603
274,5911.32,0,False,736604
275,6738.7,1,True,736605
276,6087.25,2,False,736606
277,5138.44,3,False,736607
278,7579.62,4,True,736608
279,18160.489999999998,5,True,736609
280,8971.39,6,False,736610
281,5178.29,0,False,736611
282,5829.66,1,False,736612
283,6848.65,2,True,736613
284,5631.26,3,False,736614
285,5173.42,4,False,736615
286,18801.9,5,True,736616
287,8393.880000000001,6,False,736617
288,5921.01,0,False,736618
289,5354.41,1,False,736619
290,5805.49,2,False,736620
291,6850.47,3,True,736621
292,5887.74,4,False,736622
293,8484.93,5,False,736623
294,18612.2,6,True,736624
295,5622.21,0,False,736625
296,5739.96,1,False,736626
297,5615.96,2,False,736627
298,5495.29,3,False,736628
299,7201.75,4,True,736629
300,8218.3,5,False,736630
301,8882.43,6,False,736631
302,5045.58,0,False,736632
303,7363.57,1,True,736633
304,4774.17,2,False,736634
305,6271.64,3,False,736635
306,4821.18,4,False,736636
307,9061.68,5,False,736637
308,7996.85,6,False,736638
309,6058.42,0,False,736639
310,6464.45,1,True,736640
311,7683.31,2,True,736641
312,4801.78,3,False,736642
313,7991.29,4,True,736643
314,18166.9,5,True,736644
315,19076.91,6,True,736645
316,5067.35,0,False,736646
317,6081.08,1,False,736647
318,6617.28,2,True,736648
319,5932.74,3,False,736649
320,5371.42,4,False,736650
321,18892.66,5,True,736651
322,18298.71,6,True,736652
323,7313.76,0,True,736653
324,5502.4,1,False,736654
325,5473.22,2,False,736655
326,5509.11,3,False,736656
327,5295.9,4,False,736657
328,8619.64,5,False,736658
329,8622.689999999999,6,False,736659
330,7074.47,0,True,736660
331,5326.66,1,False,736661
332,7075.0,2,True,736662
333,6729.51,3,True,736663
334,7368.0,4,True,736664
335,8278.029999999999,5,False,736665
336,8467.27,6,False,736666
337,5503.53,0,False,736667
338,5573.23,1,False,736668
339,5591.59,2,False,736669
340,7243.4,3,True,736670
341,5577.41,4,False,736671
342,18708.78,5,True,736672
343,8382.96,6,False,736673
344,5590.11,0,False,736674
345,5094.35,1,False,736675
346,7398.88,2,True,736676
347,5410.84,3,False,736677
348,7257.95,4,True,736678
349,8289.67,5,False,736679
350,8741.11,6,False,736680
351,5406.62,0,False,736681
352,7065.64,1,True,736682
353,5486.54,2,False,736683
354,5596.34,3,False,736684
355,5466.58,4,False,736685
356,18595.34,5,True,736686
357,8324.82,6,False,736687
358,5576.44,0,False,736688
359,5583.66,1,False,736689
360,6917.18,2,True,736690
361,5561.01,3,False,736691
362,6924.22,4,True,736692
363,8548.470000000001,5,False,736693
364,8718.36,6,False,736694
365,5701.0,0,False,736695
366,5785.21,1,False,736696
367,7145.92,2,True,736697
368,5722.65,3,False,736698
369,5703.79,4,False,736699
370,8598.07,5,False,736700
371,18458.61,6,True,736701
372,5406.84,0,False,736702
373,5364.02,1,False,736703
374,5428.17,2,False,736704
375,5594.35,3,False,736705
376,5578.35,4,False,736706
377,8652.14,5,False,736707
378,8580.01,6,False,736708
379,7305.13,0,True,736709
380,5638.52,1,False,736710
381,7432.32,2,True,736711
382,5559.08,3,False,736712
383,7268.19,4,True,736713
384,8365.49,5,False,736714
385,18839.22,6,True,736715
386,6868.86,0,True,736716
387,7270.05,1,True,736717
388,5322.56,2,False,736718
389,5745.7,3,False,736719
390,5246.3,4,False,736720
391,8733.67,5,False,736721
392,8435.630000000001,6,False,736722
393,7050.52,0,True,736723
394,5505.85,1,False,736724
395,5635.08,2,False,736725
396,5470.03,3,False,736726
397,5460.17,4,False,736727
398,8764.39,5,False,736728
399,18279.89,6,True,736729
400,5607.91,0,False,736730
401,5440.58,1,False,736731
402,5427.62,2,False,736732
403,5194.18,3,False,736733
404,6952.34,4,True,736734
405,8470.029999999999,5,False,736735
406,18535.13,6,True,736736
407,7014.84,0,True,736737
408,5644.38,1,False,736738
409,6898.58,2,True,736739
410,5660.12,3,False,736740
411,5433.37,4,False,736741
412,8750.46,5,False,736742
413,18610.52,6,True,736743
414,5516.36,0,False,736744
415,7218.14,1,True,736745
416,5676.96,2,False,736746
417,5692.68,3,False,736747
418,7074.79,4,True,736748
419,18579.71,5,True,736749
420,18645.95,6,True,736750
421,5210.11,0,False,736751
422,7262.19,1,True,736752
423,6762.7,2,True,736753
424,5925.5,3,False,736754
425,5122.36,4,False,736755
426,9029.95,5,False,736756
427,8248.3,6,False,736757
428,5952.48,0,False,736758
429,4986.34,1,False,736759
430,6008.97,2,False,736760
431,6478.67,3,True,736761
432,5884.13,4,False,736762
433,8320.970000000001,5,False,736763
434,18922.64,6,True,736764
435,6955.32,0,True,736765
436,5812.85,1,False,736766
437,5656.43,2,False,736767
438,6890.14,3,True,736768
439,5445.6,4,False,736769
440,8608.5,5,False,736770
441,8690.689999999999,6,False,736771
442,5435.39,0,False,736772
443,7263.2,1,True,736773
444,6542.53,2,True,736774
445,5719.88,3,False,736775
446,5162.29,4,False,736776
447,9005.76,5,False,736777
448,8066.62,6,False,736778
449,5902.16,0,False,736779
450,6720.91,1,True,736780
451,7289.85,2,True,736781
452,5202.15,3,False,736782
453,5779.86,4,False,736783
454,18422.21,5,True,736784
455,8542.89,6,False,736785
456,5310.61,0,False,736786
457,5523.69,1,False,736787
458,5556.79,2,False,736788
459,5379.81,3,False,736789
460,5638.35,4,False,736790
461,8495.79,5,False,736791
462,8715.51,6,False,736792
463,5449.27,0,False,736793
464,7334.88,1,True,736794
465,5359.78,2,False,736795
466,7057.51,3,True,736796
467,5510.24,4,False,736797
468,18444.55,5,True,736798
469,8392.95,6,False,736799
470,5702.7,0,False,736800
471,5422.68,1,False,736801
472,5612.86,2,False,736802
473,6900.24,3,True,736803
474,7124.17,4,True,736804
475,8327.029999999999,5,False,736805
476,18727.34,6,True,736806
477,5328.82,0,False,736807
478,5878.28,1,False,736808
479,6921.39,2,True,736809
480,5848.66,3,False,736810
481,5526.52,4,False,736811
482,8731.4,5,False,736812
483,8435.439999999999,6,False,736813
484,7110.33,0,True,736814
485,5422.69,1,False,736815
486,5828.28,2,False,736816
487,5315.35,3,False,736817
488,7297.88,4,True,736818
489,18168.92,5,True,736819
490,9120.65,6,False,736820
491,6544.83,0,True,736821
492,6129.3,1,False,736822
493,5167.98,2,False,736823
494,7455.52,3,True,736824
495,5168.0,4,False,736825
496,9019.689999999999,5,False,736826
497,8262.95,6,False,736827
498,5842.4,0,False,736828
499,6673.95,1,True,736829
500,7341.27,2,True,736830
501,6874.77,3,True,736831
502,7245.91,4,True,736832
503,18200.33,5,True,736833
504,8742.49,6,False,736834
505,5206.68,0,False,736835
506,5960.38,1,False,736836
507,5063.8,2,False,736837
508,5833.06,3,False,736838
509,5187.18,4,False,736839
510,18641.42,5,True,736840
511,18208.59,6,True,736841
512,7287.71,0,True,736842
513,5381.75,1,False,736843
514,5642.17,2,False,736844
515,5578.81,3,False,736845
516,5804.96,4,False,736846
517,18246.39,5,True,736847
518,8866.470000000001,6,False,736848
519,5422.89,0,False,736849
520,5983.53,1,False,736850
521,5628.92,2,False,736851
522,5856.75,3,False,736852
523,5260.83,4,False,736853
524,18775.75,5,True,736854
525,8614.08,6,False,736855
526,7233.26,0,True,736856
527,6860.61,1,True,736857
528,7116.44,2,True,736858
529,5226.06,3,False,736859
530,5694.31,4,False,736860
531,8049.85,5,False,736861
532,8681.74,6,False,736862
533,5309.6,0,False,736863
534,5751.56,1,False,736864
535,6905.31,2,True,736865
536,5537.53,3,False,736866
537,6787.99,4,True,736867
538,8737.18,5,False,736868
539,8084.78,6,False,736869
540,5741.56,0,False,736870
541,6813.83,1,True,736871
542,7308.2,2,True,736872
543,5266.48,3,False,736873
544,5646.94,4,False,736874
545,8454.35,5,False,736875
546,18806.82,6,True,736876
547,7120.55,0,True,736877
548,5662.36,1,False,736878
549,5721.86,2,False,736879
550,5563.46,3,False,736880
551,5651.25,4,False,736881
552,18320.42,5,True,736882
553,18682.48,6,True,736883
554,7002.59,0,True,736884
555,5512.43,1,False,736885
556,5303.51,2,False,736886
557,5485.68,3,False,736887
558,5170.92,4,False,736888
559,18781.239999999998,5,True,736889
560,8166.51,6,False,736890
561,5734.07,0,False,736891
562,5061.54,1,False,736892
563,6055.35,2,False,736893
564,5563.83,3,False,736894
565,5749.38,4,False,736895
566,18325.22,5,True,736896
567,18786.89,6,True,736897
568,5369.3,0,False,736898
569,5580.28,1,False,736899
570,6850.14,2,True,736900
571,7227.56,3,True,736901
572,5380.03,4,False,736902
573,8767.49,5,False,736903
574,8473.48,6,False,736904
575,5732.18,0,False,736905
576,5365.32,1,False,736906
577,5771.8,2,False,736907
578,5535.02,3,False,736908
579,7246.48,4,True,736909
580,18234.5,5,True,736910
581,8923.2,6,False,736911
582,5321.31,0,False,736912
583,5641.48,1,False,736913
584,5345.78,2,False,736914
585,5721.39,3,False,736915
586,5318.37,4,False,736916
587,18920.760000000002,5,True,736917
588,8108.96,6,False,736918
589,5839.39,0,False,736919
590,5320.72,1,False,736920
591,5821.77,2,False,736921
592,6827.14,3,True,736922
593,5495.79,4,False,736923
594,8290.74,5,False,736924
595,18716.35,6,True,736925
596,5376.52,0,False,736926
597,7113.82,1,True,736927
598,6988.7,2,True,736928
599,5717.56,3,False,736929
600,6910.03,4,True,736930
601,18528.12,5,True,736931
602,8717.45,6,False,736932
603,5391.81,0,False,736933
604,5574.29,1,False,736934
605,5674.14,2,False,736935
606,5585.12,3,False,736936
607,5556.94,4,False,736937
608,8310.41,5,False,736938
609,8711.79,6,False,736939
610,5458.49,0,False,736940
611,5599.31,1,False,736941
612,5499.18,2,False,736942
613,5733.22,3,False,736943
614,5421.91,4,False,736944
615,8800.8,5,False,736945
616,8386.32,6,False,736946
617,5748.31,0,False,736947
618,5454.59,1,False,736948
619,7733.13,2,True,736949
620,5343.47,3,False,736950
621,5793.06,4,False,736951
622,18315.22,5,True,736952
623,8854.369999999999,6,False,736953
624,6751.09,0,True,736954
625,5788.5,1,False,736955
626,5201.56,2,False,736956
627,5622.34,3,False,736957
628,5077.37,4,False,736958
629,8463.64,5,False,736959
630,18349.92,6,True,736960
631,5628.76,0,False,736961
632,5035.43,1,False,736962
633,5861.99,2,False,736963
634,5411.71,3,False,736964
635,5782.34,4,False,736965
636,8256.54,5,False,736966
637,18821.7,6,True,736967
638,6847.79,0,True,736968
639,5802.99,1,False,736969
640,5351.44,2,False,736970
641,5614.63,3,False,736971
642,6758.34,4,True,736972
643,8632.76,5,False,736973
644,18254.79,6,True,736974
645,5706.47,0,False,736975
646,6703.15,1,True,736976
647,7645.67,2,True,736977
648,5275.58,3,False,736978
649,7376.3,4,True,736979
650,8107.07,5,False,736980
651,9062.439999999999,6,False,736981
652,5105.91,0,False,736982
653,7563.86,1,True,736983
654,5128.75,2,False,736984
655,7816.69,3,True,736985
656,6429.54,4,True,736986
657,9374.29,5,False,736987
658,8089.13,6,False,736988
659,6049.58,0,False,736989
660,5165.4,1,False,736990
661,5849.62,2,False,736991
662,5220.57,3,False,736992
663,5832.95,4,False,736993
664,8336.55,5,False,736994
665,8607.48,6,False,736995
666,6735.48,0,True,736996
667,5603.03,1,False,736997
668,5303.04,2,False,736998
669,5626.06,3,False,736999
670,5280.2,4,False,737000
671,18557.41,5,True,737001
672,8593.5,6,False,737002
673,5347.07,0,False,737003
674,5417.38,1,False,737004
675,5346.37,2,False,737005
676,5476.57,3,False,737006
677,5353.8,4,False,737007
678,18826.0,5,True,737008
679,8286.55,6,False,737009
680,5508.41,0,False,737010
681,5320.45,1,False,737011
682,7456.44,2,True,737012
683,6708.97,3,True,737013
684,5854.48,4,False,737014
685,8462.34,5,False,737015
686,18509.64,6,True,737016
687,5356.33,0,False,737017
688,5629.35,1,False,737018
689,5594.41,2,False,737019
690,7304.12,3,True,737020
691,5460.31,4,False,737021
692,9058.67,5,False,737022
693,7988.48,6,False,737023
694,6278.5,0,False,737024
695,6420.51,1,True,737025
696,6342.57,2,False,737026
697,6354.55,3,True,737027
698,6301.32,4,False,737028
699,18081.42,5,True,737029
700,9322.84,6,False,737030
701,6357.76,0,True,737031
702,7614.98,1,True,737032
703,6267.74,2,True,737033
704,5931.61,3,False,737034
705,6495.65,4,True,737035
706,8786.220000000001,5,False,737036
707,18256.63,6,True,737037
708,7150.76,0,True,737038
709,6925.16,1,True,737039
710,5822.39,2,False,737040
711,6890.41,3,True,737041
712,6985.85,4,True,737042
713,8434.39,5,False,737043
714,8438.4,6,False,737044
715,7140.63,0,True,737045
716,5457.92,1,False,737046
717,5753.2,2,False,737047
718,5386.99,3,False,737048
719,5668.79,4,False,737049
720,18250.57,5,True,737050
721,18622.54,6,True,737051
722,6901.23,0,True,737052
723,5556.28,1,False,737053
724,7054.49,2,True,737054
725,5613.49,3,False,737055
726,7001.53,4,True,737056
727,8455.77,5,False,737057
728,8748.560000000001,6,False,737058
729,5365.07,0,False,737059
730,5717.38,1,False,737060
731,7153.05,2,True,737061
732,5635.65,3,False,737062
733,5683.99,4,False,737063
734,8496.21,5,False,737064
735,18571.15,6,True,737065
736,7271.06,0,True,737066
737,5698.91,1,False,737067
738,5655.5,2,False,737068
739,6940.28,3,True,737069
740,5653.24,4,False,737070
741,8508.18,5,False,737071
742,8867.619999999999,6,False,737072
743,5473.62,0,False,737073
744,7194.07,1,True,737074
745,5524.73,2,False,737075
746,5621.83,3,False,737076
747,5661.64,4,False,737077
748,18381.38,5,True,737078
749,8675.560000000001,6,False,737079
750,5336.2,0,False,737080
751,7318.72,1,True,737081
752,6794.51,2,True,737082
753,5624.98,3,False,737083
754,6970.77,4,True,737084
755,18682.53,5,True,737085
756,8411.39,6,False,737086
757,7006.62,0,True,737087
758,5461.34,1,False,737088
759,7416.88,2,True,737089
760,5195.02,3,False,737090
761,5705.52,4,False,737091
762,18261.08,5,True,737092
763,18672.39,6,True,737093
764,5521.38,0,False,737094
765,5714.84,1,False,737095
766,5415.06,2,False,737096
767,5648.86,3,False,737097
768,5505.58,4,False,737098
769,18683.63,5,True,737099
770,8619.689999999999,6,False,737100
771,7060.88,0,True,737101
772,7025.7,1,True,737102
773,7170.41,2,True,737103
774,5562.51,3,False,737104
775,7138.27,4,True,737105
776,18408.82,5,True,737106
777,8863.880000000001,6,False,737107
778,7079.73,0,True,737108
779,7134.36,1,True,737109
780,5550.04,2,False,737110
781,5800.98,3,False,737111
782,5227.43,4,False,737112
783,18855.65,5,True,737113
784,18447.3,6,True,737114
785,6013.4,0,False,737115
786,5389.04,1,False,737116
787,5517.31,2,False,737117
788,5424.92,3,False,737118
789,5505.46,4,False,737119
790,18583.39,5,True,737120
791,8520.529999999999,6,False,737121
792,5736.1,0,False,737122
793,5752.24,1,False,737123
794,5488.43,2,False,737124
795,5842.05,3,False,737125
796,6937.61,4,True,737126
797,8675.99,5,False,737127
798,18619.19,6,True,737128
799,7326.41,0,True,737129
800,5407.14,1,False,737130
801,5686.95,2,False,737131
802,6848.71,3,True,737132
803,5798.68,4,False,737133
804,8395.49,5,False,737134
805,18802.58,6,True,737135
806,5400.51,0,False,737136
807,5737.72,1,False,737137
808,6717.3,2,True,737138
809,7479.07,3,True,737139
810,5111.88,4,False,737140
811,8896.35,5,False,737141
812,8144.91,6,False,737142
813,5913.35,0,False,737143
814,5373.48,1,False,737144
815,7267.31,2,True,737145
816,7055.92,3,True,737146
817,5475.89,4,False,737147
818,8568.08,5,False,737148
819,8531.93,6,False,737149
820,6936.84,0,True,737150
821,6850.03,1,True,737151
822,5460.64,2,False,737152
823,5456.39,3,False,737153
824,5456.81,4,False,737154
825,8616.23,5,False,737155
826,18731.07,6,True,737156
827,5394.16,0,False,737157
828,5752.97,1,False,737158
829,5306.99,2,False,737159
830,5374.65,3,False,737160
831,5829.77,4,False,737161
832,8389.57,5,False,737162
833,8903.26,6,False,737163
834,7016.79,0,True,737164
835,7131.08,1,True,737165
836,5440.09,2,False,737166
837,5745.39,3,False,737167
838,5471.11,4,False,737168
839,8894.77,5,False,737169
840,8400.11,6,False,737170
841,7443.24,0,True,737171
842,5425.83,1,False,737172
843,7406.98,2,True,737173
844,5329.17,3,False,737174
845,7269.17,4,True,737175
846,8425.15,5,False,737176
847,8918.54,6,False,737177
848,5443.74,0,False,737178
849,7107.97,1,True,737179
850,7107.58,2,True,737180
851,5407.9,3,False,737181
852,5839.44,4,False,737182
853,8333.380000000001,5,False,737183
854,18599.47,6,True,737184
855,5502.84,0,False,737185
856,5494.79,1,False,737186
857,5717.06,2,False,737187
858,6761.92,3,True,737188
859,7132.47,4,True,737189
860,18477.64,5,True,737190
861,18606.52,6,True,737191
862,6561.5,0,True,737192
863,5867.69,1,False,737193
864,6588.21,2,True,737194
865,7379.53,3,True,737195
866,5411.12,4,False,737196
867,8836.8,5,False,737197
868,8256.869999999999,6,False,737198
869,5905.91,0,False,737199
870,6999.7,1,True,737200
871,5929.79,2,False,737201
872,6840.27,3,True,737202
873,5726.42,4,False,737203
874,8387.1,5,False,737204
875,8621.05,6,False,737205
876,5691.12,0,False,737206
877,7132.12,1,True,737207
878,7026.98,2,True,737208
879,7361.82,3,True,737209
880,5314.56,4,False,737210
881,8725.119999999999,5,False,737211
882,8397.51,6,False,737212
883,5457.42,0,False,737213
884,5372.8,1,False,737214
885,6825.6,2,True,737215
886,5438.82,3,False,737216
887,5451.52,4,False,737217
888,18594.62,5,True,737218
889,8359.11,6,False,737219
890,5362.59,0,False,737220
891,5167.73,1,False,737221
892,5475.82,2,False,737222
893,6720.25,3,True,737223
894,5872.48,4,False,737224
895,8203.939999999999,5,False,737225
896,9018.33,6,False,737226
897,6939.6,0,True,737227
898,5762.68,1,False,737228
899,5264.5,2,False,737229
900,5895.7,3,False,737230
901,5370.11,4,False,737231
902,8755.029999999999,5,False,737232
903,8210.74,6,False,737233
904,6069.65,0,False,737234
905,5016.46,1,False,737235
906,5984.18,2,False,737236
907,5201.59,3,False,737237
908,5945.56,4,False,737238
909,17987.56,5,True,737239
910,9169.4,6,False,737240
911,6574.25,0,True,737241
912,7527.49,1,True,737242
913,5338.48,2,False,737243
914,6049.56,3,False,737244
915,6871.34,4,True,737245
916,19027.489999999998,5,True,737246
917,18248.38,6,True,737247
918,6174.47,0,False,737248
919,5240.52,1,False,737249
920,6027.63,2,False,737250
921,5146.62,3,False,737251
922,5690.69,4,False,737252
923,8104.99,5,False,737253
924,18950.05,6,True,737254
925,4942.61,0,False,737255
926,5776.95,1,False,737256
927,5348.62,2,False,737257
928,5789.69,3,False,737258
929,5695.19,4,False,737259
930,8642.42,5,False,737260
931,8530.630000000001,6,False,737261
932,5644.57,0,False,737262
933,5407.66,1,False,737263
934,5494.35,2,False,737264
935,5493.53,3,False,737265
936,5454.79,4,False,737266
937,18793.260000000002,5,True,737267
938,18019.81,6,True,737268
939,7491.59,0,True,737269
940,6432.18,1,True,737270
941,7458.5,2,True,737271
942,6581.42,3,True,737272
943,7334.59,4,True,737273
944,8173.05,5,False,737274
945,8857.630000000001,6,False,737275
946,6814.52,0,True,737276
947,5707.68,1,False,737277
948,5320.37,2,False,737278
949,7260.79,3,True,737279
950,5614.76,4,False,737280
951,8543.439999999999,5,False,737281
952,18411.89,6,True,737282
953,5323.74,0,False,737283
954,5509.91,1,False,737284
955,5342.33,2,False,737285
956,5407.54,3,False,737286
957,5415.57,4,False,737287
958,8393.11,5,False,737288
959,8547.32,6,False,737289
960,5339.94,0,False,737290
961,7119.36,1,True,737291
962,5304.81,2,False,737292
963,5840.12,3,False,737293
964,5477.6,4,False,737294
965,8578.29,5,False,737295
966,8011.05,6,False,737296
967,5967.01,0,False,737297
968,5035.75,1,False,737298
969,6237.32,2,False,737299
970,4917.73,3,False,737300
971,5959.64,4,False,737301
972,8147.35,5,False,737302
973,19060.010000000002,6,True,737303
974,6399.58,0,True,737304
975,5964.93,1,False,737305
976,6320.3,2,True,737306
977,6132.23,3,False,737307
978,6274.51,4,True,737308
979,9186.64,5,False,737309
980,18010.23,6,True,737310
981,6185.29,0,False,737311
982,5168.67,1,False,737312
983,6326.62,2,False,737313
984,6601.71,3,True,737314
985,6107.21,4,False,737315
986,17974.81,5,True,737316
987,19056.88,6,True,737317
988,5149.15,0,False,737318
989,7440.57,1,True,737319
990,5045.56,2,False,737320
991,5901.04,3,False,737321
992,6464.04,4,True,737322
993,8920.04,5,False,737323
994,8115.61,6,False,737324
995,7398.23,0,True,737325
996,5116.46,1,False,737326
997,7192.79,2,True,737327
998,6845.45,3,True,737328
999,5727.53,4,False,737329
1000,8099.94,5,False,737330
1001,8755.59,6,False,737331
1002,6826.35,0,True,737332
1003,7275.32,1,True,737333
1004,6936.86,2,True,737334
1005,5489.05,3,False,737335
1006,5523.19,4,False,737336
1007,8642.09,5,False,737337
1008,8229.189999999999,6,False,737338
1009,5790.47,0,False,737339
1010,5245.09,1,False,737340
1011,5757.48,2,False,737341
1012,6652.89,3,True,737342
1013,5734.39,4,False,737343
1014,8183.27,5,False,737344
1015,8904.66,6,False,737345
1016,6837.81,0,True,737346
1017,7150.23,1,True,737347
1018,5516.72,2,False,737348
1019,5634.45,3,False,737349
1020,5349.57,4,False,737350
1021,8786.32,5,False,737351
1022,8266.130000000001,6,False,737352
1023,5720.54,0,False,737353
1024,5193.49,1,False,737354
1025,7295.42,2,True,737355
1026,5179.1,3,False,737356
1027,5687.12,4,False,737357
1028,18544.37,5,True,737358
1029,8635.46,6,False,737359
1030,5609.24,0,False,737360
1031,7073.33,1,True,737361
1032,5455.77,2,False,737362
1033,5903.91,3,False,737363
1034,6992.79,4,True,737364
1035,8795.54,5,False,737365
1036,8504.14,6,False,737366
1037,5586.56,0,False,737367
1038,7254.0,1,True,737368
1039,5226.78,2,False,737369
1040,5744.38,3,False,737370
1041,5522.25,4,False,737371
1042,8640.45,5,False,737372
1043,8651.3,6,False,737373
1044,6978.66,0,True,737374
1045,5552.21,1,False,737375
1046,5583.76,2,False,737376
1047,5679.79,3,False,737377
1048,6995.21,4,True,737378
1049,18768.78,5,True,737379
1050,8407.96,6,False,737380
1051,6007.57,0,False,737381
1052,5517.9,1,False,737382
1053,5999.11,2,False,737383
1054,5570.28,3,False,737384
1055,7134.54,4,True,737385
1056,8615.32,5,False,737386
1057,8506.220000000001,6,False,737387
1058,5754.99,0,False,737388
1059,5513.26,1,False,737389
1060,5573.75,2,False,737390
1061,5595.6,3,False,737391
1062,5454.1,4,False,737392
1063,8582.41,5,False,737393
1064,18487.56,6,True,737394
1065,5425.44,0,False,737395
1066,7274.65,1,True,737396
1067,7005.46,2,True,737397
1068,5547.82,3,False,737398
1069,5704.93,4,False,737399
1070,18387.72,5,True,737400
1071,18758.4,6,True,737401
1072,5170.15,0,False,737402
1073,7185.02,1,True,737403
1074,6765.63,2,True,737404
1075,5748.91,3,False,737405
1076,6997.97,4,True,737406
1077,8743.029999999999,5,False,737407
1078,8410.810000000001,6,False,737408
1079,5530.67,0,False,737409
1080,7006.56,1,True,737410
1081,5770.48,2,False,737411
1082,5512.45,3,False,737412
1083,5907.0,4,False,737413
1084,18451.07,5,True,737414
1085,19032.89,6,True,737415
1086,5224.62,0,False,737416
1087,6210.46,1,False,737417
1088,4968.96,2,False,737418
1089,6101.03,3,False,737419
1090,5182.97,4,False,737420
1091,8899.0,5,False,737421
1092,8068.68,6,False,737422
1093,5768.93,0,False,737423
1094,5175.46,1,False,737424
1095,7141.4,2,True,737425
1096,6739.77,3,True,737426
1097,7438.1,4,True,737427
1098,8158.42,5,False,737428
1099,9115.61,6,False,737429
1100,4898.09,0,False,737430
1101,6125.5,1,False,737431
1102,4908.18,2,False,737432
1103,6026.04,3,False,737433
1104,6545.15,4,True,737434
1105,9105.08,5,False,737435
1106,8215.3,6,False,737436
1107,6063.01,0,False,737437
1108,5317.67,1,False,737438
1109,6087.15,2,False,737439
1110,4986.62,3,False,737440
1111,6074.84,4,False,737441
1112,17850.37,5,True,737442
1113,19342.0,6,True,737443
1114,6513.8,0,True,737444
1115,6063.07,1,False,737445
1116,4978.65,2,False,737446
1117,7375.41,3,True,737447
1118,5492.21,4,False,737448
1119,8751.89,5,False,737449
1120,18365.32,6,True,737450
1121,7258.05,0,True,737451
1122,5477.0,1,False,737452
1123,5744.53,2,False,737453
1124,7111.35,3,True,737454
1125,5685.81,4,False,737455
1126,18629.760000000002,5,True,737456
1127,8541.91,6,False,737457
1128,5553.47,0,False,737458
1129,5635.13,1,False,737459
1130,5443.15,2,False,737460
1131,5610.98,3,False,737461
1132,5516.23,4,False,737462
1133,8587.83,5,False,737463
1134,18547.03,6,True,737464
1135,7300.49,0,True,737465
1136,5211.14,1,False,737466
1137,5623.84,2,False,737467
1138,6703.23,3,True,737468
1139,7301.61,4,True,737469
1140,8482.29,5,False,737470
1141,8708.970000000001,6,False,737471
1142,5404.26,0,False,737472
1143,7245.8,1,True,737473
1144,5193.71,2,False,737474
1145,5906.67,3,False,737475
1146,5364.91,4,False,737476
1147,19030.71,5,True,737477
1148,8328.15,6,False,737478
1149,6045.72,0,False,737479
1150,6883.86,1,True,737480
1151,7370.86,2,True,737481
1152,7008.75,3,True,737482
1153,5883.64,4,False,737483
1154,8554.04,5,False,737484
1155,8704.24,6,False,737485
1156,7139.95,0,True,737486
1157,6966.14,1,True,737487
1158,5482.77,2,False,737488
1159,7162.64,3,True,737489
1160,5456.22,4,False,737490
1161,18540.11,5,True,737491
1162,8389.39,6,False,737492
1163,7140.9,0,True,737493
1164,6888.21,1,True,737494
1165,7186.74,2,True,737495
1166,7116.68,3,True,737496
1167,5456.76,4,False,737497
1168,18570.9,5,True,737498
1169,8338.060000000001,6,False,737499
1170,5422.91,0,False,737500
1171,7260.04,1,True,737501
1172,5338.86,2,False,737502
1173,5847.82,3,False,737503
1174,5116.92,4,False,737504
1175,8764.71,5,False,737505
1176,8324.939999999999,6,False,737506
1177,5791.14,0,False,737507
1178,6897.44,1,True,737508
1179,5680.94,2,False,737509
1180,5414.5,3,False,737510
1181,7235.97,4,True,737511
1182,8242.630000000001,5,False,737512
1183,18592.39,6,True,737513
1184,5180.38,0,False,737514
1185,7362.97,1,True,737515
1186,5436.12,2,False,737516
1187,5562.98,3,False,737517
1188,6936.93,4,True,737518
1189,18492.81,5,True,737519
1190,18367.58,6,True,737520
1191,5780.49,0,False,737521
1192,5409.83,1,False,737522
1193,7235.49,2,True,737523
1194,5253.62,3,False,737524
1195,6017.01,4,False,737525
1196,7903.04,5,False,737526
1197,9188.24,6,False,737527
1198,4982.42,0,False,737528
1199,6214.43,1,False,737529
1200,4867.46,2,False,737530
1201,5946.51,3,False,737531
1202,4967.86,4,False,737532
1203,9040.05,5,False,737533
1204,8039.53,6,False,737534
1205,7269.14,0,True,737535
1206,6779.5,1,True,737536
1207,5905.21,2,False,737537
1208,6663.83,3,True,737538
1209,6092.34,4,False,737539
1210,8166.87,5,False,737540
1211,18891.25,6,True,737541
1212,6841.0,0,True,737542
1213,5677.03,1,False,737543
1214,7097.27,2,True,737544
1215,5679.79,3,False,737545
1216,6972.9,4,True,737546
1217,8819.66,5,False,737547
1218,18193.64,6,True,737548
1219,5959.86,0,False,737549
1220,6792.83,1,True,737550
1221,5983.49,2,False,737551
1222,6666.62,3,True,737552
1223,6011.47,4,False,737553
1224,7886.29,5,False,737554
1225,9347.49,6,False,737555
1226,6439.89,0,True,737556
1227,7816.37,1,True,737557
1228,4726.28,2,False,737558
1229,7849.18,3,True,737559
1230,4860.78,4,False,737560
1231,9262.66,5,False,737561
1232,17970.54,6,True,737562
1233,6053.87,0,False,737563
1234,6771.99,1,True,737564
1235,7585.94,2,True,737565
1236,5200.19,3,False,737566
1237,7402.45,4,True,737567
1238,18139.16,5,True,737568
1239,19040.43,6,True,737569
1240,5316.66,0,False,737570
1241,7320.5,1,True,737571
1242,6773.41,2,True,737572
1243,5989.5,3,False,737573
1244,5274.71,4,False,737574
1245,19048.41,5,True,737575
1246,18310.28,6,True,737576
1247,7366.93,0,True,737577
1248,6967.82,1,True,737578
1249,7291.81,2,True,737579
1250,7001.12,3,True,737580
1251,5867.83,4,False,737581
1252,8726.64,5,False,737582
1253,8507.02,6,False,737583
1254,5643.11,0,False,737584
1255,5487.22,1,False,737585
1256,5733.51,2,False,737586
1257,6717.03,3,True,737587
1258,7258.52,4,True,737588
1259,7977.22,5,False,737589
1260,18910.46,6,True,737590
1261,5100.98,0,False,737591
1262,6140.57,1,False,737592
1263,6672.71,2,True,737593
1264,5920.04,3,False,737594
1265,5161.67,4,False,737595
1266,8886.93,5,False,737596
1267,8022.51,6,False,737597
1268,5932.06,0,False,737598
1269,6652.25,1,True,737599
1270,5868.46,2,False,737600
1271,6537.02,3,True,737601
1272,5796.54,4,False,737602
1273,18289.2,5,True,737603
1274,8678.369999999999,6,False,737604
1275,6893.46,0,True,737605
1276,7021.52,1,True,737606
1277,6870.53,2,True,737607
1278,7033.83,3,True,737608
1279,6825.61,4,True,737609
1280,18530.73,5,True,737610
1281,18399.73,6,True,737611
1282,5575.26,0,False,737612
1283,5283.02,1,False,737613
1284,5678.02,2,False,737614
1285,6773.06,3,True,737615
1286,5867.59,4,False,737616
1287,8564.51,5,False,737617
1288,18672.12,6,True,737618
1289,6963.73,0,True,737619
1290,7059.16,1,True,737620
1291,5233.4,2,False,737621
1292,5665.71,3,False,737622
1293,6709.56,4,True,737623
1294,18593.59,5,True,737624
1295,8010.9,6,False,737625
1296,5699.77,0,False,737626
1297,5148.73,1,False,737627
1298,5803.39,2,False,737628
1299,6707.47,3,True,737629
1300,6025.95,4,False,737630
1301,8231.01,5,False,737631
1302,8926.59,6,False,737632
1303,5335.39,0,False,737633
1304,5894.79,1,False,737634
1305,5366.28,2,False,737635
1306,7400.66,3,True,737636
1307,6949.78,4,True,737637
1308,8797.8,5,False,737638
1309,8398.86,6,False,737639
1310,7136.27,0,True,737640
1311,6846.85,1,True,737641
1312,5676.54,2,False,737642
1313,5445.05,3,False,737643
1314,6936.44,4,True,737644
1315,8726.11,5,False,737645
1316,8539.939999999999,6,False,737646
1317,6878.15,0,True,737647
1318,5341.07,1,False,737648
1319,5421.95,2,False,737649
1320,5586.24,3,False,737650
1321,5263.16,4,False,737651
1322,8621.36,5,False,737652
1323,8462.32,6,False,737653
1324,7141.86,0,True,737654
1325,5716.64,1,False,737655
1326,5388.74,2,False,737656
1327,6869.87,3,True,737657
1328,5727.77,4,False,737658
1329,8664.09,5,False,737659
1330,8633.060000000001,6,False,737660
1331,5628.4,0,False,737661
1332,5592.78,1,False,737662
1333,6985.74,2,True,737663
1334,5597.25,3,False,737664
1335,5598.29,4,False,737665
1336,8462.189999999999,5,False,737666
1337,18399.22,6,True,737667
1338,7356.03,0,True,737668
1339,5620.33,1,False,737669
1340,5822.48,2,False,737670
1341,7013.31,3,True,737671
1342,5786.48,4,False,737672
1343,8369.880000000001,5,False,737673
1344,8896.96,6,False,737674
1345,5055.58,0,False,737675
1346,7250.46,1,True,737676
1347,5125.87,2,False,737677
1348,7570.28,3,True,737678
1349,5196.3,4,False,737679
1350,8926.89,5,False,737680
1351,8325.220000000001,6,False,737681
1352,6002.92,0,False,737682
1353,5138.79,1,False,737683
1354,7531.08,2,True,737684
1355,5397.54,3,False,737685
1356,7332.19,4,True,737686
1357,8366.46,5,False,737687
1358,8673.29,6,False,737688
1359,5386.02,0,False,737689
1360,5623.58,1,False,737690
1361,6919.07,2,True,737691
1362,5630.33,3,False,737692
1363,5403.58,4,False,737693
1364,18730.93,5,True,737694
1365,18616.22,6,True,737695
1366,5278.58,0,False,737696
1367,7304.27,1,True,737697
1368,5382.75,2,False,737698
1369,5739.02,3,False,737699
1370,5425.48,4,False,737700
1371,18931.41,5,True,737701
1372,8316.58,6,False,737702
1373,5676.87,0,False,737703
1374,5208.01,1,False,737704
1375,5732.25,2,False,737705
1376,5292.85,3,False,737706
1377,7331.18,4,True,737707
1378,8387.46,5,False,737708
1379,18767.69,6,True,737709
1380,5405.3,0,False,737710
1381,5599.37,1,False,737711
1382,5684.16,2,False,737712
1383,7051.4,3,True,737713
1384,5550.29,4,False,737714
1385,8518.470000000001,5,False,737715
1386,8598.66,6,False,737716
1387,6977.18,0,True,737717
1388,5540.32,1,False,737718
1389,5156.74,2,False,737719
1390,5674.79,3,False,737720
1391,5190.71,4,False,737721
1392,18620.7,5,True,737722
1393,18210.62,6,True,737723
1394,5679.37,0,False,737724
1395,5278.06,1,False,737725
1396,5786.55,2,False,737726
1397,6842.09,3,True,737727
1398,5878.09,4,False,737728
1399,8279.07,5,False,737729
1400,18710.66,6,True,737730
1401,7014.42,0,True,737731
1402,5490.58,1,False,737732
1403,5321.72,2,False,737733
1404,7210.58,3,True,737734
1405,5417.19,4,False,737735
1406,8860.25,5,False,737736
1407,8308.04,6,False,737737
1408,7499.43,0,True,737738
1409,5168.99,1,False,737739
1410,5978.24,2,False,737740
1411,5100.7,3,False,737741
1412,5753.84,4,False,737742
1413,8397.64,5,False,737743
1414,18791.3,6,True,737744
1415,6875.35,0,True,737745
1416,5813.82,1,False,737746
1417,6925.27,2,True,737747
1418,7274.06,3,True,737748
1419,7083.55,4,True,737749
1420,8714.96,5,False,737750
1421,8553.92,6,False,737751
1422,5448.55,0,False,737752
1423,5550.0,1,False,737753
1424,5821.0,2,False,737754
1425,5345.8,3,False,737755
1426,7346.1,4,True,737756
1427,18367.73,5,True,737757
1428,8951.369999999999,6,False,737758
1429,6984.5,0,True,737759
1430,5986.48,1,False,737760
1431,5114.81,2,False,737761
1432,6089.51,3,False,737762
1433,5211.02,4,False,737763
1434,9057.310000000001,5,False,737764
1435,18277.739999999998,6,True,737765
1436,6092.04,0,False,737766
1437,5348.33,1,False,737767
1438,5573.61,2,False,737768
1439,5839.62,3,False,737769
1440,6924.14,4,True,737770
1441,8836.18,5,False,737771
1442,18513.08,6,True,737772
1443,5658.48,0,False,737773
1444,5463.64,1,False,737774
1445,5601.21,2,False,737775
1446,5464.99,3,False,737776
1447,5607.99,4,False,737777
1448,8479.89,5,False,737778
1449,8550.01,6,False,737779
1450,6955.02,0,True,737780
1451,5640.63,1,False,737781
1452,7183.09,2,True,737782
1453,5289.26,3,False,737783
1454,7300.72,4,True,737784
1455,8354.16,5,False,737785
1456,8806.02,6,False,737786
1457,5373.33,0,False,737787
1458,6880.09,1,True,737788
1459,6919.78,2,True,737789
1460,7112.57,3,True,737790
1461,5559.19,4,False,737791
1462,8455.18,5,False,737792
1463,8526.35,6,False,737793
1464,5303.63,0,False,737794
1465,7459.54,1,True,737795
1466,5203.62,2,False,737796
1467,6407.98,3,False,737797
1468,5006.59,4,False,737798
1469,9197.380000000001,5,False,737799
1470,8038.12,6,False,737800
1471,7712.7,0,True,737801
1472,6767.68,1,True,737802
1473,5720.99,2,False,737803
1474,5226.64,3,False,737804
1475,5730.09,4,False,737805
1476,8392.119999999999,5,False,737806
1477,18596.57,6,True,737807
1478,5365.69,0,False,737808
1479,5706.67,1,False,737809
1480,5463.62,2,False,737810
1481,6977.56,3,True,737811
1482,5533.07,4,False,737812
1483,18543.83,5,True,737813
1484,8601.27,6,False,737814
1485,6936.95,0,True,737815
1486,7007.0,1,True,737816
1487,5394.59,2,False,737817
1488,5663.79,3,False,737818
1489,5465.1,4,False,737819
1490,8539.57,5,False,737820
1491,8348.2,6,False,737821
1492,7320.5,0,True,737822
1493,7001.99,1,True,737823
1494,7378.67,2,True,737824
1495,5668.64,3,False,737825
1496,5783.56,4,False,737826
1497,8429.24,5,False,737827
1498,18641.43,6,True,737828
1499,5553.6,0,False,737829
1500,7295.75,1,True,737830
1501,6924.77,2,True,737831
1502,5794.9,3,False,737832
1503,6900.06,4,True,737833
1504,8681.84,5,False,737834
1505,8439.58,6,False,737835
1506,7454.2,0,True,737836
1507,6901.53,1,True,737837
1508,7197.38,2,True,737838
1509,5464.14,3,False,737839
1510,7242.02,4,True,737840
1511,18141.94,5,True,737841
1512,8629.119999999999,6,False,737842
1513,5346.91,0,False,737843
1514,5672.15,1,False,737844
1515,5414.57,2,False,737845
1516,5577.25,3,False,737846
1517,5534.64,4,False,737847
1518,8393.189999999999,5,False,737848
1519,8665.89,6,False,737849
1520,6893.95,0,True,737850
1521,5750.6,1,False,737851
1522,7060.77,2,True,737852
1523,7220.36,3,True,737853
1524,7200.02,4,True,737854
1525,18659.05,5,True,737855
1526,8661.939999999999,6,False,737856
1527,5464.62,0,False,737857
1528,5650.38,1,False,737858
1529,5428.58,2,False,737859
1530,5645.33,3,False,737860
1531,5402.36,4,False,737861
1532,18993.04,5,True,737862
1533,8498.4,6,False,737863
1534,7387.41,0,True,737864
1535,6995.06,1,True,737865
1536,5805.12,2,False,737866
1537,5235.25,3,False,737867
1538,7421.18,4,True,737868
1539,8253.96,5,False,737869
1540,8865.29,6,False,737870
1541,5091.34,0,False,737871
1542,5898.75,1,False,737872
1543,5229.39,2,False,737873
1544,5817.9,3,False,737874
1545,5313.81,4,False,737875
1546,8816.529999999999,5,False,737876
1547,18526.5,6,True,737877
1548,5582.73,0,False,737878
1549,6960.01,1,True,737879
1550,5392.74,2,False,737880
1551,5670.85,3,False,737881
1552,5242.61,4,False,737882
1553,8727.77,5,False,737883
1554,8177.63,6,False,737884
1555,7092.01,0,True,737885
1556,5376.79,1,False,737886
1557,5857.65,2,False,737887
1558,5452.92,3,False,737888
1559,5628.39,4,False,737889
1560,18522.2,5,True,737890
1561,8458.67,6,False,737891
1562,6974.96,0,True,737892
1563,5521.93,1,False,737893
1564,5697.65,2,False,737894
1565,5353.6,3,False,737895
1566,5623.16,4,False,737896
1567,8522.93,5,False,737897
1568,8632.279999999999,6,False,737898
1569,5556.8,0,False,737899
1570,5720.14,1,False,737900
1571,6965.82,2,True,737901
1572,5716.31,3,False,737902
1573,5460.16,4,False,737903
1574,8777.09,5,False,737904
1575,8443.970000000001,6,False,737905
1576,5659.45,0,False,737906
1577,5171.44,1,False,737907
1578,5945.81,2,False,737908
1579,6802.38,3,True,737909
1580,5807.17,4,False,737910
1581,8131.54,5,False,737911
1582,8766.060000000001,6,False,737912
1583,5318.61,0,False,737913
1584,7305.69,1,True,737914
1585,5327.7,2,False,737915
1586,7165.01,3,True,737916
1587,5377.02,4,False,737917
1588,8885.880000000001,5,False,737918
1589,18157.28,6,True,737919
1590,7381.69,0,True,737920
1591,5427.96,1,False,737921
1592,7240.83,2,True,737922
1593,6948.88,3,True,737923
1594,7337.28,4,True,737924
1595,8184.02,5,False,737925
1596,8658.71,6,False,737926
1597,5172.9,0,False,737927
1598,7310.1,1,True,737928
1599,5196.41,2,False,737929
1600,6056.19,3,False,737930
1601,6575.11,4,True,737931
1602,8906.14,5,False,737932
1603,8236.92,6,False,737933
1604,5641.87,0,False,737934
1605,5236.86,1,False,737935
1606,5769.08,2,False,737936
1607,6747.75,3,True,737937
1608,5790.25,4,False,737938
1609,8194.85,5,False,737939
1610,8980.74,6,False,737940
1611,5697.89,0,False,737941
1612,5677.75,1,False,737942
1613,5561.72,2,False,737943
1614,5648.81,3,False,737944
1615,6844.55,4,True,737945
1616,18513.28,5,True,737946
1617,18247.22,6,True,737947
1618,5859.26,0,False,737948
1619,6424.09,1,True,737949
1620,5953.83,2,False,737950
1621,6900.28,3,True,737951
1622,7675.22,4,True,737952
1623,8072.15,5,False,737953
1624,18728.86,6,True,737954
1625,5231.74,0,False,737955
1626,7506.49,1,True,737956
1627,5002.61,2,False,737957
1628,7611.01,3,True,737958
1629,6530.85,4,True,737959
1630,9186.51,5,False,737960
1631,18154.27,6,True,737961
1632,5835.84,0,False,737962
1633,5460.75,1,False,737963
1634,5638.34,2,False,737964
1635,5342.48,3,False,737965
1636,5635.51,4,False,737966
1637,18532.97,5,True,737967
1638,8742.6,6,False,737968
1639,5363.0,0,False,737969
1640,5454.53,1,False,737970
1641,7209.55,2,True,737971
1642,7140.85,3,True,737972
1643,5539.91,4,False,737973
1644,8687.029999999999,5,False,737974
1645,8579.21,6,False,737975
1646,5649.44,0,False,737976
1647,5593.26,1,False,737977
1648,5878.06,2,False,737978
1649,6949.68,3,True,737979
1650,7277.35,4,True,737980
1651,8526.779999999999,5,False,737981
1652,8623.05,6,False,737982
1653,5404.16,0,False,737983
1654,5670.92,1,False,737984
1655,5461.13,2,False,737985
1656,7018.28,3,True,737986
1657,6975.18,4,True,737987
1658,8422.49,5,False,737988
1659,8387.42,6,False,737989
1660,5299.91,0,False,737990
1661,5542.17,1,False,737991
1662,5443.21,2,False,737992
1663,5475.7,3,False,737993
1664,5623.91,4,False,737994
1665,8453.61,5,False,737995
1666,8340.55,6,False,737996
1667,5561.31,0,False,737997
1668,6828.88,1,True,737998
1669,5556.91,2,False,737999
1670,5381.95,3,False,738000
1671,5647.78,4,False,738001
1672,8485.26,5,False,738002
1673,8697.16,6,False,738003
1674,5404.47,0,False,738004
1675,5890.83,1,False,738005
1676,5239.44,2,False,738006
1677,5787.56,3,False,738007
1678,5216.42,4,False,738008
1679,18851.67,5,True,738009
1680,17953.92,6,True,738010
1681,6237.53,0,False,738011
1682,4882.59,1,False,738012
1683,6104.09,2,False,738013
1684,5053.82,3,False,738014
1685,5912.24,4,False,738015
1686,8236.39,5,False,738016
1687,8736.45,6,False,738017
1688,6833.77,0,True,738018
1689,5606.98,1,False,738019
1690,5515.0,2,False,738020
1691,5459.06,3,False,738021
1692,6889.19,4,True,738022
1693,18635.65,5,True,738023
1694,8509.939999999999,6,False,738024
1695,7317.19,0,True,738025
1696,5467.8,1,False,738026
1697,5883.51,2,False,738027
1698,5512.91,3,False,738028
1699,7140.84,4,True,738029
1700,17973.13,5,True,738030
1701,8797.66,6,False,738031
1702,6492.05,0,True,738032
1703,7522.92,1,True,738033
1704,4832.21,2,False,738034
1705,6287.77,3,False,738035
1706,4902.22,4,False,738036
1707,19070.83,5,True,738037
1708,7908.57,6,False,738038
1709,6173.84,0,False,738039
1710,4906.82,1,False,738040
1711,6042.6,2,False,738041
1712,6542.18,3,True,738042
1713,6214.45,4,False,738043
1714,8012.2,5,False,738044
1715,9286.68,6,False,738045
1716,5038.05,0,False,738046
1717,7804.33,1,True,738047
1718,4940.65,2,False,738048
1719,6163.16,3,False,738049
1720,6405.26,4,True,738050
1721,19275.62,5,True,738051
1722,8041.74,6,False,738052
1723,7569.93,0,True,738053
1724,5288.6,1,False,738054
1725,6066.68,2,False,738055
1726,4976.57,3,False,738056
1727,6358.99,4,False,738057
1728,7897.12,5,False,738058
1729,19073.55,6,True,738059
1730,4788.08,0,False,738060
1731,7422.45,1,True,738061
1732,4868.42,2,False,738062
1733,7538.6,3,True,738063
1734,6434.1,4,True,738064
1735,18948.36,5,True,738065
1736,7808.86,6,False,738066
1737,6178.91,0,False,738067
1738,5240.07,1,False,738068
1739,7364.0,2,True,738069
1740,5402.64,3,False,738070
1741,7310.87,4,True,738071
1742,8154.03,5,False,738072
1743,8688.46,6,False,738073
1744,5311.36,0,False,738074
1745,5730.35,1,False,738075
1746,5522.71,2,False,738076
1747,7164.82,3,True,738077
1748,5413.22,4,False,738078
1749,18683.7,5,True,738079
1750,8457.46,6,False,738080
1751,5739.43,0,False,738081
1752,5599.42,1,False,738082
1753,5656.25,2,False,738083
1754,5425.71,3,False,738084
1755,5801.35,4,False,738085
1756,8340.619999999999,5,False,738086
1757,18460.36,6,True,738087
1758,6937.78,0,True,738088
1759,5797.24,1,False,738089
1760,5294.87,2,False,738090
1761,5950.98,3,False,738091
1762,5236.18,4,False,738092
1763,9128.91,5,False,738093
1764,8391.92,6,False,738094
1765,5945.47,0,False,738095
1766,6689.95,1,True,738096
1767,7745.21,2,True,738097
1768,6397.03,3,True,738098
1769,7604.69,4,True,738099
1770,7825.14,5,False,738100
1771,8988.73,6,False,738101
1772,6253.82,0,True,738102
1773,7349.62,1,True,738103
1774,4997.88,2,False,738104
1775,7490.76,3,True,738105
1776,5052.79,4,False,738106
1777,8968.6,5,False,738107
1778,18074.34,6,True,738108
1779,5903.3,0,False,738109
1780,5014.2,1,False,738110
1781,7164.91,2,True,738111
1782,5455.08,3,False,738112
1783,5826.97,4,False,738113
1784,8424.42,5,False,738114
1785,8888.16,6,False,738115
1786,6890.69,0,True,738116
1787,5915.89,1,False,738117
1788,5351.89,2,False,738118
1789,7227.5,3,True,738119
1790,5511.31,4,False,738120
1791,8897.689999999999,5,False,738121
1792,8641.79,6,False,738122
1793,5781.22,0,False,738123
1794,5733.02,1,False,738124
1795,7152.64,2,True,738125
1796,5913.3,3,False,738126
1797,6973.05,4,True,738127
1798,18769.38,5,True,738128
1799,8518.01,6,False,738129
1800,5426.29,0,False,738130
1801,7305.43,1,True,738131
1802,5284.28,2,False,738132
1803,7268.56,3,True,738133
1804,6787.56,4,True,738134
1805,8767.55,5,False,738135
1806,18021.28,6,True,738136
1807,7294.95,0,True,738137
1808,5203.04,1,False,738138
1809,7082.88,2,True,738139
1810,5418.72,3,False,738140
1811,7253.35,4,True,738141
1812,8461.08,5,False,738142
1813,8831.2,6,False,738143
1814,7095.23,0,True,738144
1815,5825.13,1,False,738145
1816,6989.97,2,True,738146
1817,7260.11,3,True,738147
1818,5272.87,4,False,738148
1819,18778.54,5,True,738149
1820,8520.21,6,False,738150
1821,7277.04,0,True,738151
1822,5527.73,1,False,738152
1823,5780.22,2,False,738153
1824,7138.85,3,True,738154
1825,6944.95,4,True,738155
1826,8597.59,5,False,738156
1827,8262.29,6,False,738157
1828,7348.34,0,True,738158
1829,6509.4,1,True,738159
1830,6029.24,2,False,738160
1831,6830.05,3,True,738161
1832,5914.84,4,False,738162
1833,8133.52,5,False,738163
1834,19004.69,6,True,738164
1835,5084.11,0,False,738165
1836,6091.13,1,False,738166
1837,4848.27,2,False,738167
1838,6102.11,3,False,738168
1839,6510.77,4,True,738169
1840,8640.220000000001,5,False,738170
1841,7949.18,6,False,738171
1842,5983.77,0,False,738172
1843,5105.56,1,False,738173
1844,7219.48,2,True,738174
1845,6702.77,3,True,738175
1846,5896.93,4,False,738176
1847,8072.28,5,False,738177
1848,18902.47,6,True,738178
1849,4959.61,0,False,738179
1850,6060.34,1,False,738180
1851,6409.43,2,True,738181
1852,6470.2,3,False,738182
1853,4731.46,4,False,738183
1854,9398.89,5,False,738184
1855,18076.59,6,True,738185
1856,5983.8,0,False,738186
1857,6404.91,1,True,738187
1858,6058.01,2,False,738188
1859,4948.27,3,False,738189
1860,6070.67,4,False,738190
1861,7995.53,5,False,738191
1862,8931.23,6,False,738192
1863,5365.49,0,False,738193
1864,7332.71,1,True,738194
1865,5529.71,2,False,738195
1866,5742.2,3,False,738196
1867,7005.19,4,True,738197
1868,18543.67,5,True,738198
1869,8528.33,6,False,738199
1870,5440.53,0,False,738200
1871,5515.59,1,False,738201
1872,5623.48,2,False,738202
1873,7074.46,3,True,738203
1874,7194.03,4,True,738204
1875,8499.1,5,False,738205
1876,18670.760000000002,6,True,738206
1877,5499.74,0,False,738207
1878,6970.28,1,True,738208
1879,7050.01,2,True,738209
1880,5432.6,3,False,738210
1881,7133.37,4,True,738211
1882,8466.05,5,False,738212
1883,8572.439999999999,6,False,738213
1884,5525.09,0,False,738214
1885,6886.41,1,True,738215
1886,7110.51,2,True,738216
1887,5435.24,3,False,738217
1888,6943.99,4,True,738218
1889,8780.36,5,False,738219
1890,18335.97,6,True,738220
1891,7478.17,0,True,738221
1892,5316.01,1,False,738222
1893,6133.39,2,False,738223
1894,6559.6,3,True,738224
1895,6009.17,4,False,738225
1896,18115.93,5,True,738226
1897,8994.75,6,False,738227
1898,4991.11,0,False,738228
1899,7675.38,1,True,738229
1900,6665.47,2,True,738230
1901,5942.91,3,False,738231
1902,5063.43,4,False,738232
1903,19061.06,5,True,738233
1904,7913.02,6,False,738234
1905,7752.38,0,True,738235
1906,4780.54,1,False,738236
1907,6109.76,2,False,738237
1908,6370.11,3,True,738238
1909,7785.58,4,True,738239
1910,17914.78,5,True,738240
1911,9057.26,6,False,738241
1912,6582.91,0,True,738242
1913,5904.61,1,False,738243
1914,7044.39,2,True,738244
1915,5538.71,3,False,738245
1916,5351.72,4,False,738246
1917,18441.81,5,True,738247
1918,8414.58,6,False,738248
1919,5508.15,0,False,738249
1920,7133.27,1,True,738250
1921,6986.55,2,True,738251
1922,7222.02,3,True,738252
1923,5273.71,4,False,738253
1924,8765.33,5,False,738254
1925,18265.45,6,True,738255
1926,5812.05,0,False,738256
1927,6866.81,1,True,738257
1928,7356.89,2,True,738258
1929,6827.89,3,True,738259
1930,5926.48,4,False,738260
1931,8471.5,5,False,738261
1932,8976.66,6,False,738262
1933,5318.14,0,False,738263
1934,5855.79,1,False,738264
1935,7030.05,2,True,738265
1936,7186.62,3,True,738266
1937,6894.11,4,True,738267
1938,18616.91,5,True,738268
1939,18490.42,6,True,738269
1940,5669.4,0,False,738270
1941,5315.45,1,False,738271
1942,7247.96,2,True,738272
1943,6844.61,3,True,738273
1944,5591.46,4,False,738274
1945,8391.220000000001,5,False,738275
1946,18578.64,6,True,738276
1947,6845.07,0,True,738277
1948,5391.65,1,False,738278
1949,5424.8,2,False,738279
1950,5686.87,3,False,738280
1951,5368.21,4,False,738281
1952,8970.2,5,False,738282
1953,7998.44,6,False,738283
1954,5857.81,0,False,738284
1955,4996.39,1,False,738285
1956,7692.26,2,True,738286
1957,5144.44,3,False,738287
1958,6023.08,4,False,738288
1959,8005.27,5,False,738289
1960,19048.65,6,True,738290
1961,4971.34,0,False,738291
1962,6305.05,1,False,738292
1963,4921.29,2,False,738293
1964,6288.03,3,False,738294
1965,6598.62,4,True,738295
1966,8860.99,5,False,738296
1967,18099.739999999998,6,True,738297
1968,7438.21,0,True,738298
1969,6632.38,1,True,738299
1970,5970.79,2,False,738300
1971,6810.93,3,True,738301
1972,5810.54,4,False,738302
1973,8445.74,5,False,738303
1974,8629.720000000001,6,False,738304
1975,5478.78,0,False,738305
1976,5725.65,1,False,738306
1977,5541.19,2,False,738307
1978,7250.63,3,True,738308
1979,6833.39,4,True,738309
1980,8509.5,5,False,738310
1981,8464.279999999999,6,False,738311
1982,6893.97,0,True,738312
1983,6982.56,1,True,738313
1984,5209.76,2,False,738314
1985,7242.88,3,True,738315
1986,5375.62,4,False,738316
1987,8864.029999999999,5,False,738317
1988,8627.51,6,False,738318
1989,5841.21,0,False,738319
1990,5651.97,1,False,738320
1991,5819.62,2,False,738321
1992,6895.89,3,True,738322
1993,5664.28,4,False,738323
1994,8490.11,5,False,738324
1995,18834.69,6,True,738325
1996,5202.37,0,False,738326
1997,7101.01,1,True,738327
1998,7043.46,2,True,738328
1999,5766.14,3,False,738329
2000,5187.69,4,False,738330
2001,8730.029999999999,5,False,738331
2002,8317.82,6,False,738332
2003,5752.25,0,False,738333
2004,5244.07,1,False,738334
2005,5905.21,2,False,738335
2006,5426.03,3,False,738336
2007,5772.99,4,False,738337
2008,8592.16,5,False,738338
2009,8483.25,6,False,738339
2010,6866.92,0,True,738340
2011,6898.61,1,True,738341
2012,5305.36,2,False,738342
2013,6895.08,3,True,738343
2014,5508.78,4,False,738344
2015,8630.11,5,False,738345
2016,8491.83,6,False,738346
2017,7236.03,0,True,738347
2018,5722.23,1,False,738348
2019,7112.92,2,True,738349
2020,5362.94,3,False,738350
2021,7376.58,4,True,738351
2022,8499.73,5,False,738352
2023,8576.48,6,False,738353
2024,5600.98,0,False,738354
2025,5609.17,1,False,738355
2026,6913.47,2,True,738356
2027,6985.58,3,True,738357
2028,5347.0,4,False,738358
2029,18864.09,5,True,738359
2030,8584.08,6,False,738360
2031,5577.51,0,False,738361
2032,5867.11,1,False,738362
2033,5758.86,2,False,738363
2034,5799.76,3,False,738364
2035,7402.24,4,True,738365
2036,8530.34,5,False,738366
2037,18427.5,6,True,738367
2038,7343.84,0,True,738368
2039,5028.64,1,False,738369
2040,7099.68,2,True,738370
2041,5118.52,3,False,738371
2042,5524.29,4,False,738372
2043,8347.970000000001,5,False,738373
2044,18676.07,6,True,738374
2045,6978.97,0,True,738375
2046,5565.59,1,False,738376
2047,5489.18,2,False,738377
